{
  "keybind": 0,
  "modules": [
    {
      "name": "AimAssist",
      "enabled": false,
      "hidden": false,
      "keybind": 0,
      "Mode": 0.0,
      "Speed": 45.0,
      "FOV": 90.0,
      "Distance": 4.5,
      "Click aim": true,
      "Weapon only": false,
      "Disable while mining": false,
      "Aim invis": false,
      "Ignore teammates": false
    },
    {
      "name": "AntiAFK",
      "enabled": false,
      "hidden": false,
      "keybind": 0,
      "AFK": 0.0,
      "Jump": false,
      "Jump only when collided": false,
      "Random clicks": false,
      "Swap item": false,
      "Spin": 0.0,
      "Randomize delta": true,
      "Randomize pitch": true,
      "Minimum delay ticks": 10.0,
      "Maximum delay ticks": 80.0
    },
    {
      "name": "AntiBot",
      "enabled": true,
      "hidden": false,
      "keybind": 0,
      "Delay": -1.0,
      "Pit spawn": -1.0,
      "Tab list": false,
      "Print world join": false
    },
    {
      "name": "AntiDebuff",
      "enabled": false,
      "hidden": false,
      "keybind": 0,
      "Remove blindness": true,
      "Remove nausea": true,
      "Remove side effects": false
    },
    {
      "name": "AntiFireball",
      "enabled": false,
      "hidden": false,
      "keybind": 0,
      "FOV": 360.0,
      "Range": 8.0,
      "Disable while flying": false,
      "Disable while scaffold": false,
      "Rotate with blocks": false,
      "Rotate with projectiles": false,
      "Silent swing": false
    },
    {
      "name": "AntiShuffle",
      "enabled": false,
      "hidden": false,
      "keybind": 0
    },
    {
      "name": "AntiVoid",
      "enabled": false,
      "hidden": false,
      "keybind": 0,
      "Distance": 5.0,
      "Render Timer": false,
      "Disable with Long Jump": false,
      "Disable in Practice": false
    },
    {
      "name": "Anticheat",
      "enabled": false,
      "hidden": false,
      "keybind": 0,
      "Flag interval": 20.0,
      "Add cheaters as enemy": false,
      "Auto report": false,
      "Ignore teammates": false,
      "Only atlas suspect": false,
      "Should ping": true,
      "Autoblock": true,
      "NoFall": true,
      "NoSlow": true,
      "Scaffold": true,
      "Legit scaffold": true
    },
    {
      "name": "Arrows",
      "enabled": false,
      "hidden": false,
      "keybind": 0,
      "Arrow": 0.0,
      "Circle radius": 50.0,
      "Team color": true,
      "Hide teammates": true,
      "Show enemies only": false,
      "Render friends (green)": true,
      "Render enemies (red)": true,
      "Render distance": true,
      "Render only offscreen": false,
      "Render in GUIs": false
    },
    {
      "name": "AutoClicker",
      "enabled": false,
      "hidden": false,
      "keybind": 0,
      "Min CPS": 9.0,
      "Max CPS": 12.0,
      "Jitter": 0.0,
      "Block hit chance": 0.0,
      "Left click": true,
      "Right click": false,
      "Break blocks": false,
      "Inventory fill": false,
      "Weapon only": false,
      "Blocks only": true,
      "Disable in creative": false
    },
    {
      "name": "AutoPlace",
      "enabled": false,
      "hidden": false,
      "keybind": 0,
      "Mode": 0.0,
      "Frame delay": 8.0,
      "Min place delay": 60.0,
      "Disable if LMB down": false,
      "RMB required": true,
      "Fast place on jump": true,
      "Pitch check": false
    },
    {
      "name": "AutoRequeue",
      "enabled": false,
      "hidden": false,
      "keybind": 0,
      "Delay": 0.5
    },
    {
      "name": "AutoSwap",
      "Only same type": false,
      "Spoof item": false,
      "Swap to greater stack": true,
      "Swap at": 3.0,
      "Legit": false
    },
    {
      "name": "AutoTool",
      "enabled": false,
      "hidden": false,
      "keybind": 0,
      "Hover delay": 0.0,
      "Swap delay": 0.0,
      "Disable while right click": true,
      "Only while crouching": false,
      "Require mouse down": true,
      "Spoof item": false,
      "Swap to previous slot": true
    },
    {
      "name": "AutoWho",
      "enabled": false,
      "hidden": false,
      "keybind": 0,
      "Artificial": false,
      "Hide message": false,
      "Remove bots": true,
      "On game start": false
    },
    {
      "name": "Bed Wars",
      "enabled": false,
      "hidden": false,
      "keybind": 0,
      "Whitelist own bed": true,
      "Diamond armor": true,
      "Fireball": false,
      "Obsidian": true,
      "Ender pearl": true,
      "Should ping": true
    },
    {
      "name": "BedAura",
      "enabled": false,
      "hidden": false,
      "keybind": 0,
      "Break mode": 0.0,
      "Break speed": 1.0,
      "FOV": 360.0,
      "Range": 4.5,
      "Rate": 0.2,
      "Allow aura": true,
      "Break near block": false,
      "Cancel knockback": false,
      "Disable break effects": false,
      "Ground spoof": false,
      "Only while visible": false,
      "Render block outline": true,
      "Send animations": false,
      "Silent swing": false
    },
    {
      "name": "BedESP",
      "enabled": false,
      "hidden": false,
      "keybind": 0,
      "Theme": 0.0,
      "Range": 10.0,
      "Rate": 0.4,
      "Only render first bed": false,
      "Render full block": false
    },
    {
      "name": "Bhop",
      "enabled": false,
      "hidden": false,
      "keybind": 0,
      "Mode": 0.0,
      "Require disabler": false,
      "Speed": 2.0,
      "Friction multiplier": 1.0,
      "Disable in liquid": true,
      "Disable while sneaking": true,
      "Only jump when moving": true,
      "Slow backwards": false,
      "Enable Damage boost": false,
      "Require key": false,
      "Enable key": 51,
      "Enable Direction strafe": false,
      "Degrees": 80.0
    },
    {
      "name": "Blink",
      "enabled": false,
      "hidden": false,
      "keybind": 0,
      "Maximum duration": 0.0,
      "Show initial position": true,
      "Render Timer": false,
      "Disable on Break": false,
      "Disable on Attack": false
    },
    {
      "name": "BreakProgress",
      "enabled": false,
      "hidden": false,
      "keybind": 0,
      "Mode": 0.0,
      "Show manual": true,
      "Show BedAura": true,
      "Fade in": false
    },
    {
      "name": "Bridge Info",
      "enabled": false,
      "hidden": false,
      "keybind": 0
    },
    {
      "name": "CTW Fly",
      "enabled": false,
      "hidden": false,
      "keybind": 0,
      "Horizontal speed": 4.0,
      "Vertical speed": 2.0,
      "Max fly ticks": 40.0
    },
    {
      "name": "Chams",
      "enabled": false,
      "hidden": false,
      "keybind": 0,
      "Ignore bots": false,
      "Hide players": false,
      "Render self": false
    },
    {
      "name": "Chat Bypass",
      "enabled": false,
      "hidden": false,
      "keybind": 0,
      "Only filter known words": true
    },
    {
      "name": "Chat Commands",
      "enabled": false,
      "hidden": false,
      "keybind": 0,
      "Lowercase": false
    },
    {
      "name": "ChestESP",
      "enabled": false,
      "hidden": false,
      "keybind": 0,
      "Red": 0.0,
      "Green": 0.0,
      "Blue": 255.0,
      "Rainbow": false,
      "Outline": false,
      "Shade": false,
      "Disable if opened": false
    },
    {
      "name": "ClickAssist",
      "enabled": false,
      "hidden": false,
      "keybind": 0,
      "Disable in creative": true,
      "Left click": true,
      "Chance left": 80.0,
      "Weapon only": true,
      "Only while targeting": false,
      "Right click": false,
      "Chance right": 80.0,
      "Blocks only": true,
      "Above 5 cps": false
    },
    {
      "name": "Command line",
      "enabled": false,
      "hidden": false,
      "keybind": 0,
      "Animate": true
    },
    {
      "name": "Debug AC",
      "enabled": false,
      "hidden": false,
      "keybind": 0,
      "Debug block": true,
      "Debug mob": true,
      "Alert post": false
    },
    {
      "name": "Delay Remover",
      "enabled": false,
      "hidden": false,
      "keybind": 0,
      "1.7 hitreg": true,
      "Remove jump ticks": false,
      " ^ only while moving": false
    },
    {
      "name": "Disabler",
      "enabled": false,
      "hidden": false,
      "keybind": 0,
      "Ticks": 100.0,
      "Activation delay": 0.0,
      "§cReset": false
    },
    {
      "name": "Duels Stats",
      "enabled": false,
      "hidden": false,
      "keybind": 0,
      "Mode": 0.0,
      "Send ign on join": false,
      "Threat Level": true
    },
    {
      "name": "ExtendCamera",
      "enabled": false,
      "hidden": false,
      "keybind": 0,
      "Distance": 4.0
    },
    {
      "name": "Extra Bobbing",
      "enabled": false,
      "hidden": false,
      "keybind": 0,
      "Level": 1.0
    },
    {
      "name": "Fake Chat",
      "enabled": false,
      "hidden": false,
      "keybind": 0
    },
    {
      "name": "Fake Lag",
      "enabled": false,
      "hidden": false,
      "keybind": 0,
      "Packet delay": 0.0
    },
    {
      "name": "FastFall",
      "enabled": false,
      "hidden": false,
      "keybind": 0,
      "Mode": 0.0,
      "Disable adventure": false,
      "Ignore void": true,
      "Disable while NoFalling": true,
      "Intervals": 2.0
    },
    {
      "name": "FastMine",
      "enabled": false,
      "hidden": false,
      "keybind": 0,
      "Break delay": 5.0,
      "Break speed": 1.0,
      "Mode": 0.0,
      "Disable in creative": true
    },
    {
      "name": "FastPlace",
      "enabled": false,
      "hidden": false,
      "keybind": 0,
      "Tick delay": 1.0,
      "Blocks only": true,
      "Pitch check": false,
      "Disable while holding pearl": true
    },
    {
      "name": "Flame Trail",
      "enabled": false,
      "hidden": false,
      "keybind": 0
    },
    {
      "name": "Fly",
      "enabled": false,
      "hidden": false,
      "keybind": 0,
      "Fly": 0.0,
      "Horizontal speed": 2.0,
      "Vertical speed": 2.0,
      "Show BPS": false,
      "Stop motion": false
    },
    {
      "name": "Freecam",
      "enabled": false,
      "hidden": false,
      "keybind": 0,
      "Speed": 2.5,
      "Disable on damage": true,
      "Allow digging": false,
      "Allow interacting": false,
      "Allow placing": false,
      "Show arm": false
    },
    {
      "name": "Gui",
      "enabled": false,
      "hidden": false,
      "keybind": 54,
      "combat": "5.0,5.0,false",
      "movement": "5.0,25.0,false",
      "player": "5.0,45.0,false",
      "world": "5.0,65.0,false",
      "render": "5.0,85.0,false",
      "minigames": "5.0,105.0,false",
      "fun": "5.0,125.0,false",
      "other": "5.0,145.0,false",
      "client": "5.0,165.0,false",
      "profiles": "5.0,185.0,false",
      "scripts": "5.0,205.0,false",
      "Gui scale": 1.0,
      "Background blur": 0.0,
      "Scroll speed": 50.0,
      "Dark background": true,
      "Limit to screen": false,
      "Rainbow outlines": true,
      "Remove player model": false,
      "Remove watermark": false
    },
    {
      "name": "HUD",
      "enabled": false,
      "hidden": false,
      "keybind": 0,
      "posX": 5,
      "posY": 70,
      "Theme": 0.0,
      "Outline": 0.0,
      "Align right": false,
      "Alphabetical sort": false,
      "Background alpha": 50.0,
      "Gap": 2.0,
      "Lowercase": false,
      "Remove closet modules": false,
      "Remove render modules": false,
      "Remove scripts": false,
      "Show module info": true
    },
    {
      "name": "HitBox",
      "enabled": false,
      "hidden": false,
      "keybind": 0,
      "Multiplier": 1.2,
      "Players only": true,
      "Show new hitbox": false,
      "Weapon only": false
    },
    {
      "name": "Indicators",
      "enabled": false,
      "hidden": false,
      "keybind": 0,
      "Render arrows": true,
      "Render ender pearls": true,
      "Render fireballs": true,
      "Render eggs": false,
      "Render snowballs": false,
      "Arrow": 0.0,
      "Circle radius": 50.0,
      "Item colors": true,
      "Render item": true,
      "Render distance": true,
      "Render only threats": true,
      "Render only offscreen": false
    },
    {
      "name": "InvManager",
      "enabled": false,
      "hidden": false,
      "keybind": 0,
      "Auto armor": false,
      "Auto armor delay": 3.0,
      "Auto sort": false,
      "Sort delay": 3.0,
      "Steal chests": false,
      "Custom chest": false,
      "Close after stealing": false,
      "Stealer delay": 3.0,
      "Inventory cleaner": false,
      "Middle click to clean": false,
      "Cleaner delay": 5.0,
      "Sword slot": -1.0,
      "Blocks slot": -1.0,
      "Golden apple slot": -1.0,
      "Projectile slot": -1.0,
      "Speed potion slot": -1.0,
      "Pearl slot": -1.0
    },
    {
      "name": "InvMove",
      "enabled": false,
      "hidden": false,
      "keybind": 0,
      "Modes": 1.0
    },
    {
      "name": "ItemESP",
      "enabled": false,
      "hidden": false,
      "keybind": 0,
      "Render iron": true,
      "Render gold": true
    },
    {
      "name": "KeepSprint",
      "enabled": false,
      "hidden": false,
      "keybind": 0,
      "Slow %": 40.0,
      "Disable while jumping": false,
      "Only reduce reach hits": false
    },
    {
      "name": "KillAura",
      "enabled": false,
      "hidden": false,
      "keybind": 0,
      "APS": 16.0,
      "Autoblock": 0.0,
      "FOV": 360.0,
      "Range (attack)": 3.0,
      "Range (swing)": 3.3,
      "Range (block)": 6.0,
      "Rotation mode": 0.0,
      "Rotate on": 0.0,
      "Rotation smoothing": 0.0,
      "Sort mode": 0.0,
      "Switch delay": 200.0,
      "Targets": 3.0,
      "Target invis": true,
      "Attack mobs": false,
      "Disable in inventory": true,
      "Disable while blocking": false,
      "Disable while mining": false,
      "Hit through blocks": true,
      "Ignore teammates": true,
      "Manual block": false,
      "Prioritize enemies": false,
      "Require mouse down": false,
      "Silent swing while blocking": false,
      "Weapon only": false
    },
    {
      "name": "LagRange",
      "enabled": false,
      "hidden": false,
      "keybind": 0,
      "Latency": 300.0,
      "Activation Distance": 7.0,
      "Hurttime": 2.0,
      "Show initial position": true,
      "Ignore teammates": false,
      "Weapon only": false
    },
    {
      "name": "Latency Alerts",
      "enabled": false,
      "hidden": false,
      "keybind": 0,
      "Alert interval": 3.0,
      "High latency": 0.5,
      "Ignore limbo": true
    },
    {
      "name": "Long Jump",
      "enabled": false,
      "hidden": false,
      "keybind": 0,
      "Mode": 0.0,
      "Manual": false,
      "Only while velocity enabled": false,
      "Disable key": 57,
      "Horizontal boost": 1.7,
      "Vertical motion": 0.0,
      "Motion decay": 43.0,
      "Allow strafe": false,
      "Invert yaw": true,
      "Stop movement": false,
      "Jump": false,
      "Hide explosion": false,
      "Spoof item": false,
      "Silent swing": false,
      "Render progress": false,
      "Begin flat": false,
      "Vertical key": 57,
      "Flat key": 57
    },
    {
      "name": "MobESP",
      "enabled": false,
      "hidden": false,
      "keybind": 0,
      "Health bar": false,
      "Shaded": false,
      "Blaze §6Orange": true,
      "Creeper §aGreen": true,
      "Enderman §7Black": true,
      "Ghast §fWhite": true,
      "Silverfish §7Gray": true,
      "Skeleton §fWhite": true,
      "Slime §aGreen": true,
      "Spider §7Black": true,
      "Zombie §1Blue": true,
      "Zombie Pigman §dPink": true
    },
    {
      "name": "Murder Mystery",
      "enabled": false,
      "hidden": false,
      "keybind": 0,
      "Alert murderer": true,
      "Highlight murderer": true,
      "Highlight bow": true,
      "Highlight innocent": true,
      "Highlight dead": true,
      "Gold ESP": true
    },
    {
      "name": "Name Hider",
      "enabled": false,
      "hidden": false,
      "keybind": 0,
      "Hide all names": false
    },
    {
      "name": "Nametags",
      "enabled": false,
      "hidden": false,
      "keybind": 0,
      "Scale": 1.0,
      "Auto-scale": true,
      "Draw background": true,
      "Only render name": false,
      "Render self": false,
      "Drop shadow": true,
      "Show distance": false,
      "Show health": true,
      "Show hits to kill": false,
      "Show invis": true,
      "Remove tags": false,
      "Show armor": false,
      "Show enchants": true,
      "Show durability": true,
      "Show stack size": true
    },
    {
      "name": "NoCameraClip",
      "enabled": false,
      "hidden": false,
      "keybind": 0
    },
    {
      "name": "NoFall",
      "enabled": false,
      "hidden": false,
      "keybind": 0,
      "Mode": 2.0,
      "Disable adventure": false,
      "Minimum fall distance": 3.0,
      "Ignore void": false,
      "Experimental void check": true,
      "Render Blink Timer": true,
      "Disable on teleport": true
    },
    {
      "name": "NoHurtCam",
      "enabled": false,
      "hidden": false,
      "keybind": 0,
      "Multiplier": 14.0
    },
    {
      "name": "NoRotate",
      "enabled": false,
      "hidden": false,
      "keybind": 0
    },
    {
      "name": "NoSlow",
      "enabled": false,
      "hidden": false,
      "keybind": 0,
      "Sword": 0.0,
      "Item": 0.0,
      "Vanilla mode": 0.0,
      "Blink Mode": 0.0,
      "Render timer": false,
      "Slow %": 80.0,
      "Disable sword": false,
      "Disable bow": false,
      "Disable potions": false,
      "Sword only while autoblock": false,
      "Slow on blink release": false,
      "Sword only": false
    },
    {
      "name": "PlayerESP",
      "enabled": false,
      "hidden": false,
      "keybind": 0,
      "2D": false,
      "Box": false,
      "Outline": false,
      "Ring": false,
      "Shaded": false,
      "Skeleton": false,
      "Red": 0.0,
      "Green": 255.0,
      "Blue": 0.0,
      "Rainbow": false,
      "Health bar": true,
      "Red on damage": true,
      "Render self": false,
      "Team color": false,
      "Show invis": true
    },
    {
      "name": "Radar",
      "enabled": false,
      "hidden": false,
      "keybind": 0,
      "Show tracer lines": false
    },
    {
      "name": "Reach",
      "enabled": false,
      "hidden": false,
      "keybind": 0,
      "Min": 3.1,
      "Max": 3.3,
      "Weapon only": false,
      "Moving only": false,
      "Sprint only": false,
      "Hit through blocks": false
    },
    {
      "name": "Reduce",
      "enabled": false,
      "hidden": false,
      "keybind": 0,
      "Attack reduction %": 60.0,
      "Chance": 100.0
    },
    {
      "name": "RodAimbot",
      "enabled": false,
      "hidden": false,
      "keybind": 0,
      "FOV": 180.0,
      "Predicted ticks": 5.0,
      "Distance": 6.0,
      "Aim invis": false,
      "Ignore teammates": false
    },
    {
      "name": "Safewalk",
      "enabled": false,
      "hidden": false,
      "keybind": 0,
      "Motion": 1.0,
      "Blocks only": true,
      "Disable on forward": false,
      "Pitch check": false,
      "Legit": false,
      "Edge offset": 0.0,
      "Unsneak delay": 50.0,
      "Sneak on jump": 50.0,
      "Sneak key pressed": false,
      "Holding blocks": false,
      "RMB down": false,
      "Looking down": false
    },
    {
      "name": "Scaffold",
      "enabled": false,
      "hidden": false,
      "keybind": 0,
      "Motion": 100.0,
      "Rotation": 1.0,
      "Rotation (fake)": 0.0,
      "Sprint mode": 0.0,
      "Prioritize sprint with speed": false,
      "§eFloat §rfirst jump speed": 100.0,
      "Fast scaffold": 0.0,
      "Multi-place": 0.0,
      "Auto swap": true,
      "Fast on RMB": true,
      "Highlight blocks": true,
      "Jump facing forward": false,
      "Safewalk": true,
      "Show block count": true,
      "Silent swing": false
    },
    {
      "name": "Settings",
      "Custom cape": 0.0,
      "Set axe as weapon": false,
      "Set rod as weapon": false,
      "Set stick as weapon": false,
      "Middle click friends": false,
      "Set chat as inventory": false,
      "Rotate body": true,
      "Full body": false,
      "Movement fix": false,
      "Random yaw factor": 1.0,
      "Load gui state": false,
      "Send message on enable": true,
      "Offset": 0.5,
      "Time multiplier": 0.5
    },
    {
      "name": "Shaders",
      "enabled": false,
      "hidden": false,
      "keybind": 0,
      "Shader": 0.0
    },
    {
      "name": "Sky Wars",
      "enabled": false,
      "hidden": false,
      "keybind": 0,
      "Only aura hostile mobs": true,
      "Render time warp": true,
      "Strength indicator": true
    },
    {
      "name": "SlyPort",
      "enabled": false,
      "hidden": false,
      "keybind": 0,
      "Range": 6.0,
      "Aim": true,
      "Play sound": true,
      "Players only": true
    },
    {
      "name": "Spammer",
      "enabled": false,
      "hidden": false,
      "keybind": 0,
      "Delay": 3.0,
      "Spam bypass": false
    },
    {
      "name": "Speed Builders",
      "enabled": false,
      "hidden": false,
      "keybind": 0,
      "Place delay": 0.5,
      "Anti miss": false,
      "Auto place": false,
      "Auto swap": true,
      "Hover place": true,
      "Info HUD": true,
      "Render blocks": true,
      "Render only placeable": false
    },
    {
      "name": "Spin",
      "enabled": false,
      "hidden": false,
      "keybind": 0,
      "Rotation": 360.0,
      "Speed": 25.0
    },
    {
      "name": "Sprint",
      "enabled": false,
      "hidden": false,
      "keybind": 0,
      "posX": 5.0,
      "posY": 5.0,
      "text": "[Sprint (Toggled)]",
      "Display text": false,
      "Rainbow": false,
      "Omni-Directional": 0.0,
      "Float speed": 100.0,
      "Render jump required": false,
      "Disable backwards": false
    },
    {
      "name": "Sumo Fences",
      "enabled": false,
      "hidden": false,
      "keybind": 0,
      "Fence height": 4.0,
      "Block type": 0.0
    },
    {
      "name": "TPAura",
      "enabled": false,
      "hidden": false,
      "keybind": 0,
      "Range": 0.0,
      "Weapon only": false
    },
    {
      "name": "TargetInfo",
      "enabled": false,
      "hidden": false,
      "keybind": 0,
      "posX": 70,
      "posY": 30,
      "Render HUD": true,
      "Mode": 1.0,
      "Theme": 0.0,
      "Render ESP": true,
      "ESP mode": 1.0,
      "Minimum hurttime": 1.0,
      "Show win or loss": true,
      "Traditional health color": false
    },
    {
      "name": "TargetStrafe",
      "enabled": false,
      "hidden": false,
      "keybind": 0,
      "Require bhop": false,
      "Require jump key": false,
      "Require RMB": false,
      "Radius": 0.6
    },
    {
      "name": "Teleport",
      "enabled": false,
      "hidden": false,
      "keybind": 0,
      "Right click teleport": true,
      "Highlight target": true,
      "Highlight path": false
    },
    {
      "name": "Test",
      "enabled": false,
      "hidden": false,
      "keybind": 0,
      "Spawn dummy": true,
      "Test": true,
      "Slider": 0.0
    },
    {
      "name": "Timer",
      "enabled": false,
      "hidden": false,
      "keybind": 0,
      "Speed": 1.0,
      "Strafe only": false
    },
    {
      "name": "Timers",
      "enabled": false,
      "hidden": false,
      "keybind": 0,
      "Consumables": true
    },
    {
      "name": "Tower",
      "Tower Move": 0.0,
      "Speed": 3.0,
      "Vertical Tower": 0.0,
      "Extra block delay": 0.0,
      "Slowed speed": 0.0,
      "Slowed ticks": 1.0,
      "Disable while hurt": false,
      "Enable Cancel knockback": false,
      "Require velocity enabled": false
    },
    {
      "name": "Tracers",
      "enabled": false,
      "hidden": false,
      "keybind": 0,
      "Show invis": true,
      "Line Width": 1.0,
      "Red": 0.0,
      "Green": 255.0,
      "Blue": 0.0,
      "Rainbow": false
    },
    {
      "name": "Trajectories",
      "enabled": false,
      "hidden": false,
      "keybind": 0,
      "Auto-scale": true,
      "Disable uncharged bow": true,
      "Highlight on entity": true,
      "Shorten line": false
    },
    {
      "name": "VClip",
      "enabled": false,
      "hidden": false,
      "keybind": 0,
      "Distance": 3.0,
      "Send message": true
    },
    {
      "name": "Velocity",
      "enabled": false,
      "hidden": false,
      "keybind": 0,
      "Mode": 0.0,
      "Delay Timeout": 400.0,
      "Release on ground": false,
      "Horizontal": 0.0,
      "Vertical": 0.0,
      "Vertical Motion Limit": 1.0,
      "-Horizontal": 0.0,
      "Horizontal (Explosions)": 0.0,
      "Vertical (Explosions)": 0.0,
      "Maximum speed for extra boost": 0.0,
      "Extra speed boost multiplier": 0.0,
      "Chance": 100.0,
      "Only while attacking": false,
      "Only while swinging": false,
      "Only while targeting": false,
      "Disable while holding S": false,
      "00 while not targeting": false,
      "Allow self fireball": false,
      "Switch to reverse": 57,
      "Switch to packet": 57,
      "Show reverse debug messages": false,
      "Require mouse down": false,
      "Require moving forward": false,
      "Require aim": false,
      "Disable in lobby": false
    },
    {
      "name": "View Packets",
      "enabled": false,
      "hidden": false,
      "keybind": 0,
      "Include cancelled": true,
      "Singleplayer": false,
      "Sent": false,
      "Ignore C00": false,
      "Ignore C03": false,
      "Compact C03": false,
      "Ignore C0F": false,
      "Received": false
    },
    {
      "name": "WTap",
      "enabled": false,
      "hidden": false,
      "keybind": 0,
      "Delay": 200.0,
      "Hurttime": 0.0,
      "Chance": 100.0,
      "Players only": true
    },
    {
      "name": "Water Bucket",
      "enabled": false,
      "hidden": false,
      "keybind": 0,
      "Pickup water": true,
      "Silent aim": true,
      "Switch to item": true
    },
    {
      "name": "Weather",
      "enabled": false,
      "hidden": false,
      "keybind": 0,
      "Time": 0.0,
      "Lightning": 0.0,
      "Rain": false
    },
    {
      "name": "Xray",
      "enabled": false,
      "hidden": false,
      "keybind": 0,
      "Range": 20.0,
      "Rate": 0.5,
      "Coal": true,
      "Diamond": true,
      "Emerald": true,
      "Gold": true,
      "Iron": true,
      "Lapis": true,
      "Obsidian": true,
      "Redstone": true,
      "Spawner": true
    }
  ]
}