{"version":"1.0.35","author":"Unknown","notes":"","intendedServer":"","usedFor":0,"lastEditTime":1733569260103,"modules":{"CustomDisabler":{"enabled":false,"keycode":0,"showInHud":true,"settings":{"C00PacketKeepAlive":{"type":"tick","value":false},"C02PacketUseEntity":{"type":"tick","value":false},"C03PacketPlayer":{"type":"tick","value":false},"C04PacketPlayerPosition":{"type":"tick","value":false},"C05PacketPlayerLook":{"type":"tick","value":false},"C06PacketPlayerPosLook":{"type":"tick","value":false},"C07PacketPlayerDigging":{"type":"tick","value":false},"C08PlayerBlockPlacement":{"type":"tick","value":false},"C09PacketHeldItemChange":{"type":"tick","value":false},"C0APacketAnimation":{"type":"tick","value":false},"C0BPacketEntityAction":{"type":"tick","value":false},"C0CPacketInput":{"type":"tick","value":false},"C0DPacketCloseWindow":{"type":"tick","value":false},"C0EPacketClickWindow":{"type":"tick","value":false},"C0FConfirmTransaction":{"type":"tick","value":false},"C10PCreativeInventory":{"type":"tick","value":false},"C11PacketEnchantItem":{"type":"tick","value":false},"C12PacketUpdateSign":{"type":"tick","value":false},"C13PacketPlayerAbilities":{"type":"tick","value":false},"C14PacketTabComplete":{"type":"tick","value":false},"C15PacketClientSettings":{"type":"tick","value":false},"C16PacketClientStatus":{"type":"tick","value":false},"C17PacketCustomPayload":{"type":"tick","value":false},"C18PacketSpectate":{"type":"tick","value":false},"C19PacketPackStatus":{"type":"tick","value":false}}},"Delay Remover":{"enabled":true,"keycode":0,"showInHud":true,"settings":{"Gives you 1.7 hitreg.":{"type":"desc","value":"Gives you 1.7 hitreg."}}},"Sumo Fences":{"enabled":false,"keycode":0,"showInHud":true,"settings":{"Fences for Hypixel sumo.":{"type":"desc","value":"Fences for Hypixel sumo."},"Fence height":{"type":"slider","value":4.0},"Block type":{"type":"slider","value":1.0},"Mode: Oak fence":{"type":"desc","value":"Mode: Oak fence"}}},"Water bucket":{"enabled":false,"keycode":0,"showInHud":true,"settings":{"Credits: aycy":{"type":"desc","value":"Credits: aycy"},"Disabled in the Nether":{"type":"desc","value":"Disabled in the Nether"},"Fall Distance":{"type":"slider","value":3.0}}},"ChestStealer":{"enabled":false,"keycode":0,"showInHud":true,"settings":{"Open delay":{"type":"doubleslider","valueMin":250.0,"valueMax":450.0},"Delay":{"type":"doubleslider","valueMin":150.0,"valueMax":250.0},"Auto Close":{"type":"tick","value":false},"Close delay":{"type":"doubleslider","valueMin":150.0,"valueMax":250.0}}},"Bridge Assist":{"enabled":true,"keycode":0,"showInHud":true,"settings":{"Wait time (ms)":{"type":"slider","value":73.0},"Work only when sneaking":{"type":"tick","value":true},"Work with safewalk":{"type":"tick","value":true},"Assist range":{"type":"slider","value":10.0},"Glide speed":{"type":"slider","value":4.0},"Value":{"type":"slider","value":1.0},"Mode: GodBridge":{"type":"desc","value":"Mode: GODBRIDGE"}}},"Right Clicker":{"enabled":false,"keycode":0,"showInHud":true,"settings":{"RightCPS":{"type":"doubleslider","valueMin":12.0,"valueMax":16.0},"Jitter right":{"type":"slider","value":0.0},"Rightclick delay (ms)":{"type":"slider","value":85.0},"Don't rightclick sword":{"type":"tick","value":true},"Ignore rods":{"type":"tick","value":true},"Only rightclick with blocks":{"type":"tick","value":false},"Prefer fast place":{"type":"tick","value":false},"Allow eat & drink":{"type":"tick","value":true},"Allow bow":{"type":"tick","value":true},"Click event":{"type":"mode","value":"Render"},"Click Style":{"type":"mode","value":"Raven"}}},"Self Destruct":{"enabled":false,"keycode":0,"showInHud":true,"settings":{}},"AutoWeapon":{"enabled":false,"keycode":0,"showInHud":true,"settings":{"Only when holding lmb":{"type":"tick","value":true},"Revert to old slot":{"type":"tick","value":true}}},"AutoArmour":{"enabled":false,"keycode":0,"showInHud":true,"settings":{"Open delay":{"type":"doubleslider","valueMin":250.0,"valueMax":450.0},"Delay":{"type":"doubleslider","valueMin":150.0,"valueMax":250.0}}},"Name Hider":{"enabled":false,"keycode":0,"showInHud":true,"settings":{"Command: cname [name]":{"type":"desc","value":"Command: cname [name]"}}},"ClientSpoof":{"enabled":true,"keycode":0,"showInHud":true,"settings":{"Brand":{"type":"mode","value":"Lunar"}}},"NoHurtCam":{"enabled":true,"keycode":0,"showInHud":true,"settings":{}},"Left Clicker":{"enabled":false,"keycode":0,"showInHud":true,"settings":{"Best with delay remover.":{"type":"desc","value":"Best with delay remover."},"Left CPS":{"type":"doubleslider","valueMin":9.0,"valueMax":13.0},"Jitter left":{"type":"slider","value":0.0},"Inventory fill":{"type":"tick","value":false},"Weapon only":{"type":"tick","value":false},"Break blocks":{"type":"tick","value":false},"Hit Select":{"type":"tick","value":false},"HitSelect Hurttick":{"type":"slider","value":7.0},"Play sound (may kill fps)":{"type":"tick","value":true},"Click event":{"type":"mode","value":"Render"},"Click Style":{"type":"mode","value":"Raven"},"Click sound":{"type":"mode","value":"click"}}},"LegitSpeed":{"enabled":false,"keycode":0,"showInHud":true,"settings":{"Increase Speed":{"type":"tick","value":true},"Speed":{"type":"slider","value":1.12},"Fast Fall":{"type":"tick","value":false},"Legit Strafe":{"type":"tick","value":false}}},"InstantStop":{"enabled":false,"keycode":0,"showInHud":true,"settings":{"Best With WTap":{"type":"desc","value":"Best With WTap"}}},"ClickAssist":{"enabled":false,"keycode":0,"showInHud":true,"settings":{"Boost your CPS.":{"type":"desc","value":"Boost your CPS."},"Chance":{"type":"slider","value":80.0},"Left click":{"type":"tick","value":true},"Weapon only":{"type":"tick","value":true},"Only while targeting":{"type":"tick","value":false},"Right click":{"type":"tick","value":false},"Blocks only":{"type":"tick","value":true},"Above 5 cps":{"type":"tick","value":false}}},"KeepSprint":{"enabled":true,"keycode":0,"showInHud":true,"settings":{"Default is 40% motion reduction":{"type":"desc","value":"Default is 40% motion reduction"},"and stopping sprint.":{"type":"desc","value":"and stopping sprint."},"Slow %":{"type":"slider","value":0.0},"Only reduce reach hits":{"type":"tick","value":false},"Stop Sprint":{"type":"tick","value":true}}},"Middleclick":{"enabled":true,"keycode":0,"showInHud":true,"settings":{"Show friend help in chat":{"type":"tick","value":true},"On click":{"type":"mode","value":"ThrowPearl"}}},"JumpReset":{"enabled":false,"keycode":0,"showInHud":true,"settings":{"Auto Jump Reset. That's it.":{"type":"desc","value":"Auto Jump Reset. That's it."}}},"PlayerESP":{"enabled":true,"keycode":0,"showInHud":true,"settings":{"RGB":{"type":"rgbsetting","red":0,"green":255,"blue":0},"Rainbow":{"type":"tick","value":false},"ESP Types":{"type":"desc","value":"ESP Types"},"2D":{"type":"tick","value":false},"Arrow":{"type":"tick","value":false},"Box":{"type":"tick","value":false},"Health":{"type":"tick","value":true},"Ring":{"type":"tick","value":false},"Shaded":{"type":"tick","value":false},"Expand":{"type":"slider","value":0.0},"X-Shift":{"type":"slider","value":0.0},"Show invis":{"type":"tick","value":true},"Red on damage":{"type":"tick","value":true},"Match Chestplate":{"type":"tick","value":false}}},"AntiShuffle":{"enabled":false,"keycode":0,"showInHud":true,"settings":{"Remove &k":{"type":"desc","value":"Remove &k"}}},"ChestESP":{"enabled":false,"keycode":0,"showInHud":true,"settings":{"Red":{"type":"slider","value":0.0},"Green":{"type":"slider","value":0.0},"Blue":{"type":"slider","value":255.0},"Rainbow":{"type":"tick","value":false}}},"AutoJump":{"enabled":false,"keycode":0,"showInHud":true,"settings":{"Cancel when shifting":{"type":"tick","value":true}}},"Nametags":{"enabled":false,"keycode":0,"showInHud":true,"settings":{"Offset":{"type":"slider","value":0.0},"Rect":{"type":"tick","value":true},"Show health":{"type":"tick","value":true},"Show invis":{"type":"tick","value":true}}},"Fake Chat":{"enabled":false,"keycode":0,"showInHud":true,"settings":{"Command: fakechat [msg]":{"type":"desc","value":"Command: fakechat [msg]"}}},"Projectiles":{"enabled":true,"keycode":0,"showInHud":true,"settings":{"Thickness":{"type":"slider","value":3.0},"RGB":{"type":"rgbsetting","red":43,"green":255,"blue":255}}},"AimAssist":{"enabled":false,"keycode":0,"showInHud":true,"settings":{"Set targets in Client->Targets":{"type":"desc","value":"Set targets in Client->Targets"},"Speed 1 (yaw)":{"type":"slider","value":45.0},"Speed 2 (yaw)":{"type":"slider","value":15.0},"Speed 1 (pitch)":{"type":"slider","value":45.0},"Speed 2 (pitch)":{"type":"slider","value":15.0},"pitchOffSet (blocks)":{"type":"slider","value":2.0},"Click aim":{"type":"tick","value":true},"Break blocks":{"type":"tick","value":true},"Weapon only":{"type":"tick","value":false},"Blatant mode":{"type":"tick","value":false},"Aim pitch":{"type":"tick","value":false}}},"FastPlace":{"enabled":true,"keycode":0,"showInHud":true,"settings":{"Delay":{"type":"doubleslider","valueMin":1.0,"valueMax":2.0},"Blocks only":{"type":"tick","value":true},"Separate Projectile Delay":{"type":"tick","value":true},"Projectile Delay":{"type":"doubleslider","valueMin":1.0,"valueMax":2.0}}},"Auto Tool":{"enabled":true,"keycode":16,"showInHud":true,"settings":{"Autotool.":{"type":"desc","value":"Autotool."}}},"BHop Pro":{"enabled":false,"keycode":0,"showInHud":true,"settings":{"Speed":{"type":"slider","value":2.0},"Mode":{"type":"mode","value":"Legit"}}},"Fake Hud":{"enabled":false,"keycode":0,"settings":{"Command: fakehud add/remove <name>":{"type":"desc","value":"Command: fakehud add/remove <name>"}},"list":""},"Scaffold2":{"enabled":true,"keycode":0,"showInHud":true,"settings":{"Fuck":{"type":"desc","value":"Fuck"},"delay":{"type":"slider","value":-2.0},"Hold right":{"type":"tick","value":false},"Place on top & bottom":{"type":"tick","value":false}}},"Scaffold1":{"enabled":true,"keycode":0,"showInHud":true,"settings":{"Shift":{"type":"tick","value":true},"Shift during jumps":{"type":"tick","value":false},"Shift time: (s)":{"type":"doubleslider","valueMin":140.0,"valueMax":200.0},"On shift hold":{"type":"tick","value":true},"Blocks only":{"type":"tick","value":true},"Show amount of blocks":{"type":"tick","value":true},"Block display info:":{"type":"slider","value":2.0},"Mode: ":{"type":"desc","value":"Mode: BLOCKS_IN_CURRENT_STACK"},"Only when looking down":{"type":"tick","value":true},"Pitch min range:":{"type":"doubleslider","valueMin":70.0,"valueMax":85.0},"Shawty Moment":{"type":"tick","value":true}}},"Fullbright":{"enabled":false,"keycode":0,"showInHud":true,"settings":{"Mode":{"type":"mode","value":"GAMMA"},"No more darkness!":{"type":"desc","value":"No more darkness!"}}},"HitBoxes":{"enabled":true,"keycode":0,"showInHud":true,"settings":{"Changed from multiplier to extra blocks!":{"type":"desc","value":"Changed from multiplier to extra blocks!"},"Extra Blocks":{"type":"slider","value":0.75},"Vertical":{"type":"tick","value":false}}},"Terminal":{"enabled":true,"keycode":0,"showInHud":true,"settings":{"Terminal background opacity":{"type":"slider","value":100.0}}},"ShiftTap":{"enabled":false,"keycode":0,"showInHud":true,"settings":{"Event":{"type":"mode","value":"Attack"},"Only combo players":{"type":"tick","value":true},"Only sword":{"type":"tick","value":false},"Release w for ... ms":{"type":"doubleslider","valueMin":30.0,"valueMax":40.0},"Shifttab after ... ms":{"type":"doubleslider","valueMin":20.0,"valueMax":30.0},"Once every ... hits":{"type":"doubleslider","valueMin":1.0,"valueMax":1.0},"Chance %":{"type":"slider","value":100.0},"Range: ":{"type":"slider","value":3.0},"Dynamic wait time":{"type":"tick","value":false},"wait time sensitivity":{"type":"slider","value":1.0}}},"BlockHit":{"enabled":true,"keycode":0,"showInHud":true,"settings":{"Only combo players":{"type":"tick","value":true},"Only blockhit when walking forward":{"type":"tick","value":false},"Action Time (MS)":{"type":"doubleslider","valueMin":30.0,"valueMax":40.0},"Block after ... ms":{"type":"doubleslider","valueMin":20.0,"valueMax":99.0},"Once every ... hits":{"type":"doubleslider","valueMin":1.0,"valueMax":2.0},"Chance %":{"type":"slider","value":100.0},"Range: ":{"type":"slider","value":6.0}}},"InvMove":{"enabled":true,"keycode":0,"showInHud":true,"settings":{"Does NOT work on Hypixel!":{"type":"desc","value":"Does NOT work on Hypixel!"},"Only ClickGui":{"type":"tick","value":true},"§7Only ClickGui is fully undetectable!":{"type":"desc","value":"§7Only ClickGui is fully undetectable!"}}},"BedAura":{"enabled":false,"keycode":0,"showInHud":true,"settings":{"Flags DO NOT USE.":{"type":"desc","value":"Flags DO NOT USE."},"Range":{"type":"slider","value":5.0}}},"Freecam":{"enabled":false,"keycode":0,"showInHud":true,"settings":{"Speed":{"type":"slider","value":2.5},"Disable on damage":{"type":"tick","value":true}}},"Scaffold":{"enabled":true,"showInHud":false,"settings":{}},"Disabler":{"enabled":false,"keycode":0,"showInHud":true,"settings":{"Mode":{"type":"mode","value":"Vulcan"}}},"Velocity":{"enabled":false,"keycode":0,"showInHud":true,"settings":{"Velocity Mode":{"type":"mode","value":"Motion"},"Horizontal":{"type":"slider","value":90.0},"Vertical":{"type":"slider","value":100.0},"Chance":{"type":"slider","value":100.0},"Only while targeting":{"type":"tick","value":false},"Disable while holding S":{"type":"tick","value":false},"Different velo for projectiles":{"type":"tick","value":false},"Projectiles Mode":{"type":"mode","value":"Distance"},"Horizontal projectiles":{"type":"slider","value":90.0},"Vertical projectiles":{"type":"slider","value":100.0},"Chance projectiles":{"type":"slider","value":100.0},"Distance projectiles":{"type":"slider","value":3.0}}},"NoSlow":{"enabled":true,"keycode":0,"showInHud":true,"settings":{"Default is 80% motion reduction.":{"type":"desc","value":"Default is 80% motion reduction."},"Use 'No Reset' on Hypixel.":{"type":"desc","value":"Use 'No Reset' on Hypixel."},"Slow %":{"type":"slider","value":80.0},"No Reset":{"type":"tick","value":true},"Sword only":{"type":"tick","value":true}}},"No003s":{"enabled":false,"keycode":0,"showInHud":true,"settings":{}},"KillAura":{"enabled":false,"keycode":0,"showInHud":true,"settings":{"Rotation mode":{"type":"mode","value":"vanilla"},"Reach":{"type":"slider","value":3.3},"Left CPS":{"type":"doubleslider","valueMin":9.0,"valueMax":13.0},"Custom Rotation Speed":{"type":"tick","value":false},"Rotation Speed":{"type":"slider","value":50.0},"Use Legit Clicker":{"type":"tick","value":true},"Weapon Only":{"type":"tick","value":false},"Movement Fix":{"type":"tick","value":true},"Visuals":{"type":"tick","value":false},"Random":{"type":"tick","value":true},"Block mode":{"type":"mode","value":"Legit"}}},"AntiBot":{"enabled":false,"keycode":0,"showInHud":true,"settings":{"Wait 80 ticks":{"type":"tick","value":false},"Remove dead":{"type":"tick","value":true}}},"Morekb":{"enabled":true,"keycode":0,"showInHud":true,"settings":{"Mode:":{"type":"mode","value":"fastwtab"},"Event:":{"type":"mode","value":"Hurt"},"Only combo players":{"type":"tick","value":true},"Only sword":{"type":"tick","value":false},"Release w for ... ms":{"type":"doubleslider","valueMin":30.0,"valueMax":59.0},"WTap after ... ms":{"type":"doubleslider","valueMin":20.0,"valueMax":59.0},"Once every ... hits":{"type":"doubleslider","valueMin":1.0,"valueMax":2.0},"Chance %":{"type":"slider","value":100.0},"Range: ":{"type":"slider","value":3.0},"Dynamic tap time":{"type":"tick","value":false},"wait time sensitivity":{"type":"slider","value":1.0}}},"Targets":{"enabled":false,"keycode":0,"showInHud":true,"settings":{"Target friends":{"type":"tick","value":false},"Target teammates":{"type":"tick","value":false},"Target invis":{"type":"tick","value":false},"Target bots":{"type":"tick","value":false},"Target Un-Armoured":{"type":"tick","value":false},"General Fov":{"type":"slider","value":180.0},"Aura Fov":{"type":"slider","value":360.0},"Distance":{"type":"slider","value":3.5},"Sort mode":{"type":"mode","value":"Distance"},"Lock distance":{"type":"slider","value":4.0},"debug":{"type":"tick","value":false}}},"SlyPort":{"enabled":false,"keycode":0,"showInHud":true,"settings":{"Teleport behind enemies.":{"type":"desc","value":"Teleport behind enemies."},"Range":{"type":"slider","value":6.0},"Aim":{"type":"tick","value":true},"Play sound":{"type":"tick","value":true},"Players only":{"type":"tick","value":true}}},"Chams":{"enabled":false,"keycode":0,"showInHud":true,"settings":{}},"Update":{"enabled":false,"keycode":0,"showInHud":true,"settings":{"Command: update":{"type":"desc","value":"Command: update"},"Copy to clipboard":{"type":"tick","value":true},"Open dl in browser":{"type":"tick","value":true}}},"WTap2":{"enabled":true,"keycode":0,"showInHud":true,"settings":{"Only combo players":{"type":"tick","value":true},"Action Time (MS)":{"type":"doubleslider","valueMin":25.0,"valueMax":86.0},"Once every ... hits":{"type":"doubleslider","valueMin":1.0,"valueMax":2.0},"Post delay (MS)":{"type":"doubleslider","valueMin":25.0,"valueMax":55.0},"Value: ":{"type":"slider","value":2.0},"Mode: POST":{"type":"desc","value":"Mode: POST"}}},"Reach":{"enabled":false,"keycode":0,"showInHud":true,"settings":{"Reach (Blocks)":{"type":"doubleslider","valueMin":3.1,"valueMax":3.3},"Weapon only":{"type":"tick","value":false},"Moving only":{"type":"tick","value":false},"Sprint only":{"type":"tick","value":false}}},"NoFall":{"enabled":false,"keycode":0,"showInHud":true,"settings":{"HypixelSpoof silent flags.":{"type":"desc","value":"HypixelSpoof silent flags."},"Mode":{"type":"mode","value":"Spoof"}}},"Config":{"enabled":false,"showInHud":false,"settings":{}},"Sprint":{"enabled":false,"keycode":0,"showInHud":true,"settings":{"Ignore Blindness":{"type":"tick","value":true},"No Sprint On Killaura":{"type":"tick","value":false},"Multi Direction":{"type":"tick","value":false},"OmniSprint":{"type":"tick","value":false}}},"Timer":{"enabled":false,"keycode":0,"showInHud":true,"settings":{"Speed":{"type":"slider","value":1.0},"Strafe only":{"type":"tick","value":false}}},"VClip":{"enabled":false,"keycode":0,"showInHud":true,"settings":{"Distace":{"type":"slider","value":2.0}}},"HUD":{"enabled":false,"keycode":0,"showInHud":false,"settings":{"Edit position":{"type":"tick","value":false},"Drop shadow":{"type":"tick","value":false},"Background":{"type":"tick","value":true},"Custom Font":{"type":"tick","value":true},"Value: ":{"type":"slider","value":6.0},"Mode: RAVEN":{"type":"desc","value":"Mode: ASTOLFO2"}}},"Blink":{"enabled":false,"keycode":0,"showInHud":true,"settings":{}},"Spin":{"enabled":false,"keycode":0,"showInHud":true,"settings":{"Mode":{"type":"mode","value":"SMOOTH"},"Fov":{"type":"slider","value":30.0},"Time":{"type":"slider","value":200.0}}},"test":{"enabled":true,"keycode":0,"showInHud":true,"settings":{"Reach":{"type":"slider","value":3.5},"Left CPS":{"type":"doubleslider","valueMin":17.0,"valueMax":19.0},"Custom Rotation Speed":{"type":"tick","value":true},"Rotation Speed":{"type":"slider","value":100.0},"Use Legit Clicker":{"type":"tick","value":true},"Weapon Only":{"type":"tick","value":true},"Movement Fix":{"type":"tick","value":true},"Visuals":{"type":"tick","value":true},"Block mode":{"type":"mode","value":"Legit"}}},"Gui":{"enabled":false,"keycode":54,"showInHud":true,"settings":{"beta gui (VERY BETA)":{"type":"tick","value":false},"Clean Up":{"type":"tick","value":false},"Reset position":{"type":"tick","value":false},"Notifications":{"type":"tick","value":false},"Rainbow Notifications":{"type":"tick","value":false},"Preset":{"type":"mode","value":"PlusPlus"},"Custom Font":{"type":"tick","value":true},"Background Alpha":{"type":"slider","value":1.0},"Category Text RGB":{"type":"rgbsetting","red":1,"green":1,"blue":1},"Border RGB":{"type":"rgbsetting","red":1,"green":1,"blue":1},"Background RGB":{"type":"rgbsetting","red":1,"green":1,"blue":1},"Advanced Enabled RGB":{"type":"tick","value":false},"EnabledTopRGB":{"type":"rgbsetting","red":1,"green":1,"blue":1},"EnabledBottomRGB":{"type":"rgbsetting","red":1,"green":1,"blue":1}}},"Fly":{"enabled":false,"keycode":0,"showInHud":true,"settings":{"Value":{"type":"slider","value":1.0},"Mode: Vanilla":{"type":"desc","value":"Mode: Vanilla"},"Speed":{"type":"slider","value":2.0}}},"Combat":{"enabled":true,"showInHud":false,"settings":{}},"Combo":{"enabled":true,"showInHud":false,"settings":{}},"Movement":{"enabled":true,"showInHud":false,"settings":{}},"Player":{"enabled":true,"showInHud":false,"settings":{}},"World":{"enabled":true,"showInHud":false,"settings":{}},"Render":{"enabled":true,"showInHud":false,"settings":{}},"Other":{"enabled":true,"showInHud":false,"settings":{}},"Minigames":{"enabled":false,"showInHud":false,"settings":{}},"Auto":{"enabled":true,"showInHud":false,"settings":{}},"Client":{"enabled":true,"showInHud":false,"settings":{}},"Sumo":{"enabled":false,"showInHud":false,"settings":{}}},"creationTime":1733569260109}